Tarih,TP_KAVRAMSAL_ARIM1_INDX,TP_KAVRAMSAL_ARIM1_INDX
2000-01-07,2000-1,
2000-01-14,2000-2,
2000-01-21,2000-3,
2000-01-28,2000-4,
2000-02-04,2000-5,
2000-02-11,2000-6,
2000-02-18,2000-7,
2000-02-25,2000-8,
2000-03-03,2000-9,
2000-03-10,2000-10,
2000-03-17,2000-11,
2000-03-24,2000-12,
2000-03-31,2000-13,
2000-04-07,2000-14,
2000-04-14,2000-15,
2000-04-21,2000-16,
2000-04-28,2000-17,
2000-05-05,2000-18,
2000-05-12,2000-19,
2000-05-19,2000-20,
2000-05-26,2000-21,
2000-06-02,2000-22,
2000-06-09,2000-23,
2000-06-16,2000-24,
2000-06-23,2000-25,
2000-06-30,2000-26,
2000-07-07,2000-27,
2000-07-14,2000-28,
2000-07-21,2000-29,
2000-07-28,2000-30,
2000-08-04,2000-31,
2000-08-11,2000-32,
2000-08-18,2000-33,
2000-08-25,2000-34,
2000-09-01,2000-35,
2000-09-08,2000-36,
2000-09-15,2000-37,
2000-09-22,2000-38,
2000-09-29,2000-39,
2000-10-06,2000-40,
2000-10-13,2000-41,
2000-10-20,2000-42,
2000-10-27,2000-43,
2000-11-03,2000-44,
2000-11-10,2000-45,
2000-11-17,2000-46,
2000-11-24,2000-47,
2000-12-01,2000-48,
2000-12-08,2000-49,
2000-12-15,2000-50,
2000-12-22,2000-51,
2000-12-29,2000-52,
2001-01-05,2001-1,
2001-01-12,2001-2,
2001-01-19,2001-3,
2001-01-26,2001-4,
2001-02-02,2001-5,
2001-02-09,2001-6,
2001-02-16,2001-7,
2001-02-23,2001-8,
2001-03-02,2001-9,
2001-03-09,2001-10,
2001-03-16,2001-11,
2001-03-23,2001-12,
2001-03-30,2001-13,
2001-04-06,2001-14,
2001-04-13,2001-15,
2001-04-20,2001-16,
2001-04-27,2001-17,
2001-05-04,2001-18,
2001-05-11,2001-19,
2001-05-18,2001-20,
2001-05-25,2001-21,
2001-06-01,2001-22,
2001-06-08,2001-23,
2001-06-15,2001-24,
2001-06-22,2001-25,
2001-06-29,2001-26,
2001-07-06,2001-27,
2001-07-13,2001-28,
2001-07-20,2001-29,
2001-07-27,2001-30,
2001-08-03,2001-31,
2001-08-10,2001-32,
2001-08-17,2001-33,
2001-08-24,2001-34,
2001-08-31,2001-35,
2001-09-07,2001-36,
2001-09-14,2001-37,
2001-09-21,2001-38,
2001-09-28,2001-39,
2001-10-05,2001-40,
2001-10-12,2001-41,
2001-10-19,2001-42,
2001-10-26,2001-43,
2001-11-02,2001-44,
2001-11-09,2001-45,
2001-11-16,2001-46,
2001-11-23,2001-47,
2001-11-30,2001-48,
2001-12-07,2001-49,
2001-12-14,2001-50,
2001-12-21,2001-51,
2001-12-28,2001-52,
2002-01-04,2002-1,
2002-01-11,2002-2,
2002-01-18,2002-3,
2002-01-25,2002-4,
2002-02-01,2002-5,
2002-02-08,2002-6,
2002-02-15,2002-7,
2002-02-22,2002-8,
2002-03-01,2002-9,
2002-03-08,2002-10,
2002-03-15,2002-11,
2002-03-22,2002-12,
2002-03-29,2002-13,
2002-04-05,2002-14,
2002-04-12,2002-15,
2002-04-19,2002-16,
2002-04-26,2002-17,
2002-05-03,2002-18,
2002-05-10,2002-19,
2002-05-17,2002-20,
2002-05-24,2002-21,
2002-05-31,2002-22,
2002-06-07,2002-23,
2002-06-14,2002-24,
2002-06-21,2002-25,
2002-06-28,2002-26,
2002-07-05,2002-27,
2002-07-12,2002-28,
2002-07-19,2002-29,
2002-07-26,2002-30,
2002-08-02,2002-31,
2002-08-09,2002-32,
2002-08-16,2002-33,
2002-08-23,2002-34,
2002-08-30,2002-35,
2002-09-06,2002-36,
2002-09-13,2002-37,
2002-09-20,2002-38,
2002-09-27,2002-39,
2002-10-04,2002-40,
2002-10-11,2002-41,
2002-10-18,2002-42,
2002-10-25,2002-43,
2002-11-01,2002-44,
2002-11-08,2002-45,
2002-11-15,2002-46,
2002-11-22,2002-47,
2002-11-29,2002-48,
2002-12-06,2002-49,
2002-12-13,2002-50,
2002-12-20,2002-51,
2002-12-27,2002-52,
2003-01-03,2003-1,
2003-01-10,2003-2,
2003-01-17,2003-3,
2003-01-24,2003-4,
2003-01-31,2003-5,
2003-02-07,2003-6,
2003-02-14,2003-7,
2003-02-21,2003-8,
2003-02-28,2003-9,
2003-03-07,2003-10,
2003-03-14,2003-11,
2003-03-21,2003-12,
2003-03-28,2003-13,
2003-04-04,2003-14,
2003-04-11,2003-15,
2003-04-18,2003-16,
2003-04-25,2003-17,
2003-05-02,2003-18,
2003-05-09,2003-19,
2003-05-16,2003-20,
2003-05-23,2003-21,
2003-05-30,2003-22,
2003-06-06,2003-23,
2003-06-13,2003-24,
2003-06-20,2003-25,
2003-06-27,2003-26,
2003-07-04,2003-27,
2003-07-11,2003-28,
2003-07-18,2003-29,
2003-07-25,2003-30,
2003-08-01,2003-31,
2003-08-08,2003-32,
2003-08-15,2003-33,
2003-08-22,2003-34,
2003-08-29,2003-35,
2003-09-05,2003-36,
2003-09-12,2003-37,
2003-09-19,2003-38,
2003-09-26,2003-39,
2003-10-03,2003-40,
2003-10-10,2003-41,
2003-10-17,2003-42,
2003-10-24,2003-43,
2003-10-31,2003-44,
2003-11-07,2003-45,
2003-11-14,2003-46,
2003-11-21,2003-47,
2003-11-28,2003-48,
2003-12-05,2003-49,
2003-12-12,2003-50,
2003-12-19,2003-51,
2003-12-26,2003-52,
2004-01-02,2004-1,
2004-01-09,2004-2,
2004-01-16,2004-3,
2004-01-23,2004-4,
2004-01-30,2004-5,
2004-02-06,2004-6,
2004-02-13,2004-7,
2004-02-20,2004-8,
2004-02-27,2004-9,
2004-03-05,2004-10,
2004-03-12,2004-11,
2004-03-19,2004-12,
2004-03-26,2004-13,
2004-04-02,2004-14,
2004-04-09,2004-15,
2004-04-16,2004-16,
2004-04-23,2004-17,
2004-04-30,2004-18,
2004-05-07,2004-19,
2004-05-14,2004-20,
2004-05-21,2004-21,
2004-05-28,2004-22,
2004-06-04,2004-23,
2004-06-11,2004-24,
2004-06-18,2004-25,
2004-06-25,2004-26,
2004-07-02,2004-27,
2004-07-09,2004-28,
2004-07-16,2004-29,
2004-07-23,2004-30,
2004-07-30,2004-31,
2004-08-06,2004-32,
2004-08-13,2004-33,
2004-08-20,2004-34,
2004-08-27,2004-35,
2004-09-03,2004-36,
2004-09-10,2004-37,
2004-09-17,2004-38,
2004-09-24,2004-39,
2004-10-01,2004-40,
2004-10-08,2004-41,
2004-10-15,2004-42,
2004-10-22,2004-43,
2004-10-29,2004-44,
2004-11-05,2004-45,
2004-11-12,2004-46,
2004-11-19,2004-47,
2004-11-26,2004-48,
2004-12-03,2004-49,
2004-12-10,2004-50,
2004-12-17,2004-51,
2004-12-24,2004-52,
2004-12-31,2004-53,
2005-01-07,2005-1,
2005-01-14,2005-2,
2005-01-21,2005-3,
2005-01-28,2005-4,
2005-02-04,2005-5,
2005-02-11,2005-6,
2005-02-18,2005-7,
2005-02-25,2005-8,
2005-03-04,2005-9,
2005-03-11,2005-10,
2005-03-18,2005-11,
2005-03-25,2005-12,
2005-04-01,2005-13,
2005-04-08,2005-14,
2005-04-15,2005-15,
2005-04-22,2005-16,
2005-04-29,2005-17,
2005-05-06,2005-18,
2005-05-13,2005-19,
2005-05-20,2005-20,
2005-05-27,2005-21,
2005-06-03,2005-22,
2005-06-10,2005-23,
2005-06-17,2005-24,
2005-06-24,2005-25,
2005-07-01,2005-26,
2005-07-08,2005-27,
2005-07-15,2005-28,
2005-07-22,2005-29,
2005-07-29,2005-30,
2005-08-05,2005-31,
2005-08-12,2005-32,
2005-08-19,2005-33,
2005-08-26,2005-34,
2005-09-02,2005-35,
2005-09-09,2005-36,
2005-09-16,2005-37,
2005-09-23,2005-38,
2005-09-30,2005-39,
2005-10-07,2005-40,
2005-10-14,2005-41,
2005-10-21,2005-42,
2005-10-28,2005-43,
2005-11-04,2005-44,
2005-11-11,2005-45,
2005-11-18,2005-46,
2005-11-25,2005-47,
2005-12-02,2005-48,
2005-12-09,2005-49,
2005-12-16,2005-50,
2005-12-23,2005-51,
2005-12-30,2005-52,100.0
2006-01-06,2006-1,101.08
2006-01-13,2006-2,100.82
2006-01-20,2006-3,96.61
2006-01-27,2006-4,93.8
2006-02-03,2006-5,91.68
2006-02-10,2006-6,91.1
2006-02-17,2006-7,92.71
2006-02-24,2006-8,98.35
2006-03-03,2006-9,90.6
2006-03-10,2006-10,90.16
2006-03-17,2006-11,93.83
2006-03-24,2006-12,93.04
2006-03-31,2006-13,94.18
2006-04-07,2006-14,92.78
2006-04-14,2006-15,95.41
2006-04-21,2006-16,96.58
2006-04-28,2006-17,97.7
2006-05-05,2006-18,98.57
2006-05-12,2006-19,99.48
2006-05-19,2006-20,102.46
2006-05-26,2006-21,103.21
2006-06-02,2006-22,108.81
2006-06-09,2006-23,106.03
2006-06-16,2006-24,108.91
2006-06-23,2006-25,108.8
2006-06-30,2006-26,107.46
2006-07-07,2006-27,102.57
2006-07-14,2006-28,103.04
2006-07-21,2006-29,104.62
2006-07-28,2006-30,103.17
2006-08-04,2006-31,101.69
2006-08-11,2006-32,104.44
2006-08-18,2006-33,106.79
2006-08-25,2006-34,105.64
2006-09-01,2006-35,105.73
2006-09-08,2006-36,103.25
2006-09-15,2006-37,106.77
2006-09-22,2006-38,106.17
2006-09-29,2006-39,106.19
2006-10-06,2006-40,103.39
2006-10-13,2006-41,105.63
2006-10-20,2006-42,110.65
2006-10-27,2006-43,107.36
2006-11-03,2006-44,103.81
2006-11-10,2006-45,103.19
2006-11-17,2006-46,105.25
2006-11-24,2006-47,103.34
2006-12-01,2006-48,105.05
2006-12-08,2006-49,101.68
2006-12-15,2006-50,106.03
2006-12-22,2006-51,106.54
2006-12-29,2006-52,113.65
2007-01-05,2007-1,108.67
2007-01-12,2007-2,103.48
2007-01-19,2007-3,104.74
2007-01-26,2007-4,102.5
2007-02-02,2007-5,102.56
2007-02-09,2007-6,99.79
2007-02-16,2007-7,103.63
2007-02-23,2007-8,101.77
2007-03-02,2007-9,103.27
2007-03-09,2007-10,99.73
2007-03-16,2007-11,104.35
2007-03-23,2007-12,102.89
2007-03-30,2007-13,104.61
2007-04-06,2007-14,104.36
2007-04-13,2007-15,106.9
2007-04-20,2007-16,108.08
2007-04-27,2007-17,108.83
2007-05-04,2007-18,106.28
2007-05-11,2007-19,109.21
2007-05-18,2007-20,110.84
2007-05-25,2007-21,110.55
2007-06-01,2007-22,112.53
2007-06-08,2007-23,111.57
2007-06-15,2007-24,116.66
2007-06-22,2007-25,116.22
2007-06-29,2007-26,117.04
2007-07-06,2007-27,115.24
2007-07-13,2007-28,117.82
2007-07-20,2007-29,119.58
2007-07-27,2007-30,118.09
2007-08-03,2007-31,115.91
2007-08-10,2007-32,116.29
2007-08-17,2007-33,119.54
2007-08-24,2007-34,118.16
2007-08-31,2007-35,120.46
2007-09-07,2007-36,118.22
2007-09-14,2007-37,119.83
2007-09-21,2007-38,121.42
2007-09-28,2007-39,120.2
2007-10-05,2007-40,123.91
2007-10-12,2007-41,126.06
2007-10-19,2007-42,121.62
2007-10-26,2007-43,120.25
2007-11-02,2007-44,120.68
2007-11-09,2007-45,118.79
2007-11-16,2007-46,122.17
2007-11-23,2007-47,120.1
2007-11-30,2007-48,121.68
2007-12-07,2007-49,120.11
2007-12-14,2007-50,127.89
2007-12-21,2007-51,129.99
2007-12-28,2007-52,128.87
2008-01-04,2008-1,120.59
2008-01-11,2008-2,119.79
2008-01-18,2008-3,120.83
2008-01-25,2008-4,119.58
2008-02-01,2008-5,119.16
2008-02-08,2008-6,116.72
2008-02-15,2008-7,122.31
2008-02-22,2008-8,117.9
2008-02-29,2008-9,121.29
2008-03-07,2008-10,119.08
2008-03-14,2008-11,121.75
2008-03-21,2008-12,122.85
2008-03-28,2008-13,125.25
2008-04-04,2008-14,123.57
2008-04-11,2008-15,124.69
2008-04-18,2008-16,126.43
2008-04-25,2008-17,128.53
2008-05-02,2008-18,129.78
2008-05-09,2008-19,127.48
2008-05-16,2008-20,130.86
2008-05-23,2008-21,128.29
2008-05-30,2008-22,127.82
2008-06-06,2008-23,128.35
2008-06-13,2008-24,130.24
2008-06-20,2008-25,131.07
2008-06-27,2008-26,133.2
2008-07-04,2008-27,128.04
2008-07-11,2008-28,130.56
2008-07-18,2008-29,134.13
2008-07-25,2008-30,133.5
2008-08-01,2008-31,135.79
2008-08-08,2008-32,132.36
2008-08-15,2008-33,136.64
2008-08-22,2008-34,135.07
2008-08-29,2008-35,131.06
2008-09-05,2008-36,130.08
2008-09-12,2008-37,131.83
2008-09-19,2008-38,134.21
2008-09-26,2008-39,143.86
2008-10-03,2008-40,138.2
2008-10-10,2008-41,133.6
2008-10-17,2008-42,135.58
2008-10-24,2008-43,134.77
2008-10-31,2008-44,134.79
2008-11-07,2008-45,130.6
2008-11-14,2008-46,130.8
2008-11-21,2008-47,129.02
2008-11-28,2008-48,130.36
2008-12-05,2008-49,137.86
2008-12-12,2008-50,136.4
2008-12-19,2008-51,132.05
2008-12-26,2008-52,130.83
2009-01-02,2009-1,130.76
2009-01-09,2009-2,124.17
2009-01-16,2009-3,129.66
2009-01-23,2009-4,128.95
2009-01-30,2009-5,126.45
2009-02-06,2009-6,125.34
2009-02-13,2009-7,127.84
2009-02-20,2009-8,128.3
2009-02-27,2009-9,133.19
2009-03-06,2009-10,129.77
2009-03-13,2009-11,132.06
2009-03-20,2009-12,133.74
2009-03-27,2009-13,134.21
2009-04-03,2009-14,131.93
2009-04-10,2009-15,134.64
2009-04-17,2009-16,135.76
2009-04-24,2009-17,136.87
2009-05-01,2009-18,138.04
2009-05-08,2009-19,134.82
2009-05-15,2009-20,141.59
2009-05-22,2009-21,139.0
2009-05-29,2009-22,139.49
2009-06-05,2009-23,136.2
2009-06-12,2009-24,140.33
2009-06-19,2009-25,140.87
2009-06-26,2009-26,141.49
2009-07-03,2009-27,137.82
2009-07-10,2009-28,139.2
2009-07-17,2009-29,145.47
2009-07-24,2009-30,143.32
2009-07-31,2009-31,145.42
2009-08-07,2009-32,140.49
2009-08-14,2009-33,145.29
2009-08-21,2009-34,144.58
2009-08-28,2009-35,145.36
2009-09-04,2009-36,143.17
2009-09-11,2009-37,148.51
2009-09-18,2009-38,158.75
2009-09-25,2009-39,153.62
2009-10-02,2009-40,153.66
2009-10-09,2009-41,149.42
2009-10-16,2009-42,155.56
2009-10-23,2009-43,152.88
2009-10-30,2009-44,151.69
2009-11-06,2009-45,148.51
2009-11-13,2009-46,153.04
2009-11-20,2009-47,158.99
2009-11-27,2009-48,164.18
2009-12-04,2009-49,153.03
2009-12-11,2009-50,155.21
2009-12-18,2009-51,160.24
2009-12-25,2009-52,162.2
2010-01-01,2010-1,168.12
2010-01-08,2010-2,155.24
2010-01-15,2010-3,161.04
2010-01-22,2010-4,159.79
2010-01-29,2010-5,159.96
2010-02-05,2010-6,155.57
2010-02-12,2010-7,156.17
2010-02-19,2010-8,157.91
2010-02-26,2010-9,163.7
2010-03-05,2010-10,157.52
2010-03-12,2010-11,160.04
2010-03-19,2010-12,162.24
2010-03-26,2010-13,162.87
2010-04-02,2010-14,164.73
2010-04-09,2010-15,162.98
2010-04-16,2010-16,170.95
2010-04-23,2010-17,170.16
2010-04-30,2010-18,170.44
2010-05-07,2010-19,165.43
2010-05-14,2010-20,172.74
2010-05-21,2010-21,172.15
2010-05-28,2010-22,172.21
2010-06-04,2010-23,168.35
2010-06-11,2010-24,173.66
2010-06-18,2010-25,177.7
2010-06-25,2010-26,178.71
2010-07-02,2010-27,178.33
2010-07-09,2010-28,176.05
2010-07-16,2010-29,182.23
2010-07-23,2010-30,183.03
2010-07-30,2010-31,180.94
2010-08-06,2010-32,178.26
2010-08-13,2010-33,180.87
2010-08-20,2010-34,182.79
2010-08-27,2010-35,185.68
2010-09-03,2010-36,185.4
2010-09-10,2010-37,193.68
2010-09-17,2010-38,191.26
2010-09-24,2010-39,191.29
2010-10-01,2010-40,193.2
2010-10-08,2010-41,188.18
2010-10-15,2010-42,195.28
2010-10-22,2010-43,193.88
2010-10-29,2010-44,192.87
2010-11-05,2010-45,195.13
2010-11-12,2010-46,213.26
2010-11-19,2010-47,211.32
2010-11-26,2010-48,194.95
2010-12-03,2010-49,190.18
2010-12-10,2010-50,191.68
2010-12-17,2010-51,197.63
2010-12-24,2010-52,201.32
2010-12-31,2010-53,211.67
2011-01-07,2011-1,194.12
2011-01-14,2011-2,200.68
2011-01-21,2011-3,199.11
2011-01-28,2011-4,198.05
2011-02-04,2011-5,194.47
2011-02-11,2011-6,195.44
2011-02-18,2011-7,198.54
2011-02-25,2011-8,201.51
2011-03-04,2011-9,198.74
2011-03-11,2011-10,199.88
2011-03-18,2011-11,204.39
2011-03-25,2011-12,205.73
2011-04-01,2011-13,205.87
2011-04-08,2011-14,204.67
2011-04-15,2011-15,211.98
2011-04-22,2011-16,209.9
2011-04-29,2011-17,211.18
2011-05-06,2011-18,206.21
2011-05-13,2011-19,210.4
2011-05-20,2011-20,212.46
2011-05-27,2011-21,213.2
2011-06-03,2011-22,210.68
2011-06-10,2011-23,213.32
2011-06-17,2011-24,219.84
2011-06-24,2011-25,220.24
2011-07-01,2011-26,219.25
2011-07-08,2011-27,212.97
2011-07-15,2011-28,221.64
2011-07-22,2011-29,223.8
2011-07-29,2011-30,220.26
2011-08-05,2011-31,212.98
2011-08-12,2011-32,216.24
2011-08-19,2011-33,220.53
2011-08-26,2011-34,231.04
2011-09-02,2011-35,222.39
2011-09-09,2011-36,216.99
2011-09-16,2011-37,222.13
2011-09-23,2011-38,223.38
2011-09-30,2011-39,222.17
2011-10-07,2011-40,215.54
2011-10-14,2011-41,221.37
2011-10-21,2011-42,222.03
2011-10-28,2011-43,224.11
2011-11-04,2011-44,232.29
2011-11-11,2011-45,223.94
2011-11-18,2011-46,219.52
2011-11-25,2011-47,217.69
2011-12-02,2011-48,217.64
2011-12-09,2011-49,213.58
2011-12-16,2011-50,218.7
2011-12-23,2011-51,219.79
2011-12-30,2011-52,225.75
2012-01-06,2012-1,208.21
2012-01-13,2012-2,213.97
2012-01-20,2012-3,212.97
2012-01-27,2012-4,211.45
2012-02-03,2012-5,206.16
2012-02-10,2012-6,204.79
2012-02-17,2012-7,210.4
2012-02-24,2012-8,212.17
2012-03-02,2012-9,209.3
2012-03-09,2012-10,207.67
2012-03-16,2012-11,214.52
2012-03-23,2012-12,212.29
2012-03-30,2012-13,212.13
2012-04-06,2012-14,204.03
2012-04-13,2012-15,213.62
2012-04-20,2012-16,215.5
2012-04-27,2012-17,218.7
2012-05-04,2012-18,211.19
2012-05-11,2012-19,212.79
2012-05-18,2012-20,217.43
2012-05-25,2012-21,216.65
2012-06-01,2012-22,219.84
2012-06-08,2012-23,217.44
2012-06-15,2012-24,227.15
2012-06-22,2012-25,226.56
2012-06-29,2012-26,233.14
2012-07-06,2012-27,220.09
2012-07-13,2012-28,227.29
2012-07-20,2012-29,226.1
2012-07-27,2012-30,227.37
2012-08-03,2012-31,223.5
2012-08-10,2012-32,226.44
2012-08-17,2012-33,240.78
2012-08-24,2012-34,234.22
2012-08-31,2012-35,232.95
2012-09-07,2012-36,228.5
2012-09-14,2012-37,238.08
2012-09-21,2012-38,238.93
2012-09-28,2012-39,246.73
2012-10-05,2012-40,232.74
2012-10-12,2012-41,240.15
2012-10-19,2012-42,251.51
2012-10-26,2012-43,250.79
2012-11-02,2012-44,242.88
2012-11-09,2012-45,236.06
2012-11-16,2012-46,241.75
2012-11-23,2012-47,239.5
2012-11-30,2012-48,239.03
2012-12-07,2012-49,232.64
2012-12-14,2012-50,240.64
2012-12-21,2012-51,244.76
2012-12-28,2012-52,281.02
2013-01-04,2013-1,257.97
2013-01-11,2013-2,260.61
2013-01-18,2013-3,265.3
2013-01-25,2013-4,265.71
2013-02-01,2013-5,265.84
2013-02-08,2013-6,259.41
2013-02-15,2013-7,270.71
2013-02-22,2013-8,265.31
2013-03-01,2013-9,269.73
2013-03-08,2013-10,262.77
2013-03-15,2013-11,274.22
2013-03-22,2013-12,272.41
2013-03-29,2013-13,278.94
2013-04-05,2013-14,267.54
2013-04-12,2013-15,273.08
2013-04-19,2013-16,279.75
2013-04-26,2013-17,277.73
2013-05-03,2013-18,274.97
2013-05-10,2013-19,275.85
2013-05-17,2013-20,283.05
2013-05-24,2013-21,285.92
2013-05-31,2013-22,290.45
2013-06-07,2013-23,285.13
2013-06-14,2013-24,295.92
2013-06-21,2013-25,297.82
2013-06-28,2013-26,306.03
2013-07-05,2013-27,293.59
2013-07-12,2013-28,297.82
2013-07-19,2013-29,302.86
2013-07-26,2013-30,304.7
2013-08-02,2013-31,305.48
2013-08-09,2013-32,313.76
2013-08-16,2013-33,310.47
2013-08-23,2013-34,309.48
2013-08-30,2013-35,313.28
2013-09-06,2013-36,306.7
2013-09-13,2013-37,312.08
2013-09-20,2013-38,315.05
2013-09-27,2013-39,321.81
2013-10-04,2013-40,311.38
2013-10-11,2013-41,343.82
2013-10-18,2013-42,340.31
2013-10-25,2013-43,320.07
2013-11-01,2013-44,318.64
2013-11-08,2013-45,311.62
2013-11-15,2013-46,320.66
2013-11-22,2013-47,316.96
2013-11-29,2013-48,318.61
2013-12-06,2013-49,311.07
2013-12-13,2013-50,317.61
2013-12-20,2013-51,325.83
2013-12-27,2013-52,332.6
2014-01-03,2014-1,316.58
2014-01-10,2014-2,313.1
2014-01-17,2014-3,322.89
2014-01-24,2014-4,323.03
2014-01-31,2014-5,320.91
2014-02-07,2014-6,312.92
2014-02-14,2014-7,322.28
2014-02-21,2014-8,319.99
2014-02-28,2014-9,320.8
2014-03-07,2014-10,317.26
2014-03-14,2014-11,327.1
2014-03-21,2014-12,331.4
2014-03-28,2014-13,334.37
2014-04-04,2014-14,323.17
2014-04-11,2014-15,324.67
2014-04-18,2014-16,332.06
2014-04-25,2014-17,330.77
2014-05-02,2014-18,331.82
2014-05-09,2014-19,325.92
2014-05-16,2014-20,337.13
2014-05-23,2014-21,333.64
2014-05-30,2014-22,331.71
2014-06-06,2014-23,328.57
2014-06-13,2014-24,335.14
2014-06-20,2014-25,340.02
2014-06-27,2014-26,350.3
2014-07-04,2014-27,336.3
2014-07-11,2014-28,342.0
2014-07-18,2014-29,351.21
2014-07-25,2014-30,366.58
2014-08-01,2014-31,357.34
2014-08-08,2014-32,345.97
2014-08-15,2014-33,358.45
2014-08-22,2014-34,356.08
2014-08-29,2014-35,355.38
2014-09-05,2014-36,347.86
2014-09-12,2014-37,354.62
2014-09-19,2014-38,360.94
2014-09-26,2014-39,364.38
2014-10-03,2014-40,337.93
2014-10-10,2014-41,359.69
2014-10-17,2014-42,363.38
2014-10-24,2014-43,363.32
2014-10-31,2014-44,362.95
2014-11-07,2014-45,351.49
2014-11-14,2014-46,358.04
2014-11-21,2014-47,357.29
2014-11-28,2014-48,360.43
2014-12-05,2014-49,352.01
2014-12-12,2014-50,354.58
2014-12-19,2014-51,365.01
2014-12-26,2014-52,366.06
2015-01-02,2015-1,365.16
2015-01-09,2015-2,354.35
2015-01-16,2015-3,363.86
2015-01-23,2015-4,364.95
2015-01-30,2015-5,364.47
2015-02-06,2015-6,355.81
2015-02-13,2015-7,359.91
2015-02-20,2015-8,361.13
2015-02-27,2015-9,369.16
2015-03-06,2015-10,360.23
2015-03-13,2015-11,367.84
2015-03-20,2015-12,373.09
2015-03-27,2015-13,373.26
2015-04-03,2015-14,367.68
2015-04-10,2015-15,373.05
2015-04-17,2015-16,383.26
2015-04-24,2015-17,385.09
2015-05-01,2015-18,387.1
2015-05-08,2015-19,383.69
2015-05-15,2015-20,397.58
2015-05-22,2015-21,393.81
2015-05-29,2015-22,397.11
2015-06-05,2015-23,396.34
2015-06-12,2015-24,401.7
2015-06-19,2015-25,406.39
2015-06-26,2015-26,403.95
2015-07-03,2015-27,400.24
2015-07-10,2015-28,410.33
2015-07-17,2015-29,430.05
2015-07-24,2015-30,412.6
2015-07-31,2015-31,411.14
2015-08-07,2015-32,403.37
2015-08-14,2015-33,416.23
2015-08-21,2015-34,414.47
2015-08-28,2015-35,416.17
2015-09-04,2015-36,411.65
2015-09-11,2015-37,417.72
2015-09-18,2015-38,444.86
2015-09-25,2015-39,439.5
2015-10-02,2015-40,416.92
2015-10-09,2015-41,419.57
2015-10-16,2015-42,426.8
2015-10-23,2015-43,428.77
2015-10-30,2015-44,425.58
2015-11-06,2015-45,417.08
2015-11-13,2015-46,420.6
2015-11-20,2015-47,421.07
2015-11-27,2015-48,425.67
2015-12-04,2015-49,416.26
2015-12-11,2015-50,419.83
2015-12-18,2015-51,427.19
2015-12-25,2015-52,430.68
2016-01-01,2016-1,430.97
2016-01-08,2016-2,414.26
2016-01-15,2016-3,424.26
2016-01-22,2016-4,421.95
2016-01-29,2016-5,422.34
2016-02-05,2016-6,414.78
2016-02-12,2016-7,420.08
2016-02-19,2016-8,425.23
2016-02-26,2016-9,430.99
2016-03-04,2016-10,427.57
2016-03-11,2016-11,430.8
2016-03-18,2016-12,438.72
2016-03-25,2016-13,436.76
2016-04-01,2016-14,440.7
2016-04-08,2016-15,435.44
2016-04-15,2016-16,445.32
2016-04-22,2016-17,443.81
2016-04-29,2016-18,448.47
2016-05-06,2016-19,441.67
2016-05-13,2016-20,443.57
2016-05-20,2016-21,447.38
2016-05-27,2016-22,447.57
2016-06-03,2016-23,445.66
2016-06-10,2016-24,448.88
2016-06-17,2016-25,460.24
2016-06-24,2016-26,465.79
2016-07-01,2016-27,477.86
2016-07-08,2016-28,467.43
2016-07-15,2016-29,471.09
2016-07-22,2016-30,472.63
2016-07-29,2016-31,471.52
2016-08-05,2016-32,462.12
2016-08-12,2016-33,467.7
2016-08-19,2016-34,473.11
2016-08-26,2016-35,472.81
2016-09-02,2016-36,466.83
2016-09-09,2016-37,508.64
2016-09-16,2016-38,499.16
2016-09-23,2016-39,475.06
2016-09-30,2016-40,476.16
2016-10-07,2016-41,463.68
2016-10-14,2016-42,467.74
2016-10-21,2016-43,474.8
2016-10-28,2016-44,474.41
2016-11-04,2016-45,467.56
2016-11-11,2016-46,468.69
2016-11-18,2016-47,475.73
2016-11-25,2016-48,478.44
2016-12-02,2016-49,467.63
2016-12-09,2016-50,476.11
2016-12-16,2016-51,488.34
2016-12-23,2016-52,490.61
2016-12-30,2016-53,503.54
2017-01-06,2017-1,473.26
2017-01-13,2017-2,480.76
2017-01-20,2017-3,485.49
2017-01-27,2017-4,483.29
2017-02-03,2017-5,481.31
2017-02-10,2017-6,483.65
2017-02-17,2017-7,490.71
2017-02-24,2017-8,495.43
2017-03-03,2017-9,489.89
2017-03-10,2017-10,493.12
2017-03-17,2017-11,506.08
2017-03-24,2017-12,515.15
2017-03-31,2017-13,523.56
2017-04-07,2017-14,520.84
2017-04-14,2017-15,538.48
2017-04-21,2017-16,542.45
2017-04-28,2017-17,550.05
2017-05-05,2017-18,535.69
2017-05-12,2017-19,534.52
2017-05-19,2017-20,543.85
2017-05-26,2017-21,538.7
2017-06-02,2017-22,537.02
2017-06-09,2017-23,546.48
2017-06-16,2017-24,554.18
2017-06-23,2017-25,568.93
2017-06-30,2017-26,553.7
2017-07-07,2017-27,537.05
2017-07-14,2017-28,541.98
2017-07-21,2017-29,549.02
2017-07-28,2017-30,548.53
2017-08-04,2017-31,541.96
2017-08-11,2017-32,543.45
2017-08-18,2017-33,551.72
2017-08-25,2017-34,574.16
2017-09-01,2017-35,570.14
2017-09-08,2017-36,546.93
2017-09-15,2017-37,555.47
2017-09-22,2017-38,555.4
2017-09-29,2017-39,565.11
2017-10-06,2017-40,543.71
2017-10-13,2017-41,548.84
2017-10-20,2017-42,553.19
2017-10-27,2017-43,551.18
2017-11-03,2017-44,542.88
2017-11-10,2017-45,543.63
2017-11-17,2017-46,550.84
2017-11-24,2017-47,552.45
2017-12-01,2017-48,544.65
2017-12-08,2017-49,542.7
2017-12-15,2017-50,555.03
2017-12-22,2017-51,558.99
2017-12-29,2017-52,572.98
2018-01-05,2018-1,539.85
2018-01-12,2018-2,542.21
2018-01-19,2018-3,549.34
2018-01-26,2018-4,546.97
2018-02-02,2018-5,539.2
2018-02-09,2018-6,539.15
2018-02-16,2018-7,551.68
2018-02-23,2018-8,551.81
2018-03-02,2018-9,547.36
2018-03-09,2018-10,549.23
2018-03-16,2018-11,562.41
2018-03-23,2018-12,563.47
2018-03-30,2018-13,565.11
2018-04-06,2018-14,552.83
2018-04-13,2018-15,560.23
2018-04-20,2018-16,573.45
2018-04-27,2018-17,577.32
2018-05-04,2018-18,564.76
2018-05-11,2018-19,571.71
2018-05-18,2018-20,580.13
2018-05-25,2018-21,590.74
2018-06-01,2018-22,590.64
2018-06-08,2018-23,614.28
2018-06-15,2018-24,641.01
2018-06-22,2018-25,613.73
2018-06-29,2018-26,616.67
2018-07-06,2018-27,597.24
2018-07-13,2018-28,597.05
2018-07-20,2018-29,603.17
2018-07-27,2018-30,602.12
2018-08-03,2018-31,595.3
2018-08-10,2018-32,610.4
2018-08-17,2018-33,649.76
2018-08-24,2018-34,644.47
2018-08-31,2018-35,626.69
2018-09-07,2018-36,607.98
2018-09-14,2018-37,613.04
2018-09-21,2018-38,610.29
2018-09-28,2018-39,609.74
2018-10-05,2018-40,585.2
2018-10-12,2018-41,587.37
2018-10-19,2018-42,594.59
2018-10-26,2018-43,588.28
2018-11-02,2018-44,576.79
2018-11-09,2018-45,579.07
2018-11-16,2018-46,584.58
2018-11-23,2018-47,578.2
2018-11-30,2018-48,571.31
2018-12-07,2018-49,565.34
2018-12-14,2018-50,572.51
2018-12-21,2018-51,588.08
2018-12-28,2018-52,593.58
2019-01-04,2019-1,560.44
2019-01-11,2019-2,560.84
2019-01-18,2019-3,574.9
2019-01-25,2019-4,587.29
2019-02-01,2019-5,587.28
2019-02-08,2019-6,583.53
2019-02-15,2019-7,599.36
2019-02-22,2019-8,598.88
2019-03-01,2019-9,598.88
2019-03-08,2019-10,596.91
2019-03-15,2019-11,619.81
2019-03-22,2019-12,628.52
2019-03-29,2019-13,647.9
2019-04-05,2019-14,617.05
2019-04-12,2019-15,621.0
2019-04-19,2019-16,628.56
2019-04-26,2019-17,628.49
2019-05-03,2019-18,623.11
2019-05-10,2019-19,624.0
2019-05-17,2019-20,638.89
2019-05-24,2019-21,641.33
2019-05-31,2019-22,675.95
2019-06-07,2019-23,662.04
2019-06-14,2019-24,653.84
2019-06-21,2019-25,666.6
2019-06-28,2019-26,678.12
2019-07-05,2019-27,657.26
2019-07-12,2019-28,665.98
2019-07-19,2019-29,676.43
2019-07-26,2019-30,678.19
2019-08-02,2019-31,678.63
2019-08-09,2019-32,727.97
2019-08-16,2019-33,717.32
2019-08-23,2019-34,710.14
2019-08-30,2019-35,716.74
2019-09-06,2019-36,709.45
2019-09-13,2019-37,712.23
2019-09-20,2019-38,731.31
2019-09-27,2019-39,741.66
2019-10-04,2019-40,729.66
2019-10-11,2019-41,730.05
2019-10-18,2019-42,742.84
2019-10-25,2019-43,748.12
2019-11-01,2019-44,743.03
2019-11-08,2019-45,742.1
2019-11-15,2019-46,763.66
2019-11-22,2019-47,759.0
2019-11-29,2019-48,759.67
2019-12-06,2019-49,750.83
2019-12-13,2019-50,755.51
2019-12-20,2019-51,777.15
2019-12-27,2019-52,787.81
2020-01-03,2020-1,773.26
2020-01-10,2020-2,776.66
2020-01-17,2020-3,795.66
2020-01-24,2020-4,810.04
2020-01-31,2020-5,812.84
2020-02-07,2020-6,813.55
2020-02-14,2020-7,821.59
2020-02-21,2020-8,840.8
2020-02-28,2020-9,857.16
2020-03-06,2020-10,854.06
2020-03-13,2020-11,868.17
2020-03-20,2020-12,894.57
2020-03-27,2020-13,900.69
2020-04-03,2020-14,905.21
2020-04-10,2020-15,929.98
2020-04-17,2020-16,980.69
2020-04-24,2020-17,1023.29
2020-05-01,2020-18,1031.1
2020-05-08,2020-19,1049.22
2020-05-15,2020-20,1085.77
2020-05-22,2020-21,1090.36
2020-05-29,2020-22,1088.06
2020-06-05,2020-23,1085.79
2020-06-12,2020-24,1104.54
2020-06-19,2020-25,1125.49
2020-06-26,2020-26,1136.62
2020-07-03,2020-27,1137.4
2020-07-10,2020-28,1140.65
2020-07-17,2020-29,1164.78
2020-07-24,2020-30,1193.87
2020-07-31,2020-31,1217.29
2020-08-07,2020-32,1224.63
2020-08-14,2020-33,1207.53
2020-08-21,2020-34,1210.92
2020-08-28,2020-35,1198.26
2020-09-04,2020-36,1188.4
2020-09-11,2020-37,1191.19
2020-09-18,2020-38,1194.84
2020-09-25,2020-39,1190.29
2020-10-02,2020-40,1176.2
2020-10-09,2020-41,1172.93
2020-10-16,2020-42,1182.0
2020-10-23,2020-43,1188.1
2020-10-30,2020-44,1191.6
2020-11-06,2020-45,1188.33
2020-11-13,2020-46,1191.93
2020-11-20,2020-47,1204.58
2020-11-27,2020-48,1190.15
2020-12-04,2020-49,1181.93
2020-12-11,2020-50,1176.35
2020-12-18,2020-51,1192.87
2020-12-25,2020-52,1194.28
2021-01-01,2021-1,1202.9
2021-01-08,2021-2,1176.92
2021-01-15,2021-3,1183.61
2021-01-22,2021-4,1181.66
2021-01-29,2021-5,1179.44
2021-02-05,2021-6,1163.09
2021-02-12,2021-7,1169.69
2021-02-19,2021-8,1168.96
2021-02-26,2021-9,1178.99
2021-03-05,2021-10,1154.8
2021-03-12,2021-11,1157.35
2021-03-19,2021-12,1179.47
2021-03-26,2021-13,1162.17
2021-04-02,2021-14,1151.82
2021-04-09,2021-15,1156.42
2021-04-16,2021-16,1174.9
2021-04-23,2021-17,1179.16
2021-04-30,2021-18,1186.85
2021-05-07,2021-19,1200.5
2021-05-14,2021-20,1208.19
2021-05-21,2021-21,1217.32
2021-05-28,2021-22,1223.01
2021-06-04,2021-23,1219.53
2021-06-11,2021-24,1230.49
2021-06-18,2021-25,1235.25
2021-06-25,2021-26,1239.98
2021-07-02,2021-27,1235.83
2021-07-09,2021-28,1253.46
2021-07-16,2021-29,1309.57
2021-07-23,2021-30,1297.83
2021-07-30,2021-31,1290.38
2021-08-06,2021-32,1275.5
2021-08-13,2021-33,1276.69
2021-08-20,2021-34,1288.05
2021-08-27,2021-35,1304.8
2021-09-03,2021-36,1294.74
2021-09-10,2021-37,1299.45
2021-09-17,2021-38,1317.38
2021-09-24,2021-39,1321.92
2021-10-01,2021-40,1305.32
2021-10-08,2021-41,1312.19
2021-10-15,2021-42,1336.31
2021-10-22,2021-43,1343.87
2021-10-29,2021-44,1345.86
2021-11-05,2021-45,1342.12
2021-11-12,2021-46,1359.36
2021-11-19,2021-47,1386.13
2021-11-26,2021-48,1399.35
2021-12-03,2021-49,1405.37
2021-12-10,2021-50,1419.49
2021-12-17,2021-51,1479.45
2021-12-24,2021-52,1493.07
2021-12-31,2021-53,1491.97
2022-01-07,2022-1,1449.51
2022-01-14,2022-2,1458.66
2022-01-21,2022-3,1463.42
2022-01-28,2022-4,1464.03
2022-02-04,2022-5,1446.02
2022-02-11,2022-6,1450.33
2022-02-18,2022-7,1451.32
2022-02-25,2022-8,1461.81
2022-03-04,2022-9,1456.87
2022-03-11,2022-10,1475.83
2022-03-18,2022-11,1490.92
2022-03-25,2022-12,1508.07
2022-04-01,2022-13,1495.54
2022-04-08,2022-14,1500.51
2022-04-15,2022-15,1524.44
2022-04-22,2022-16,1538.82
2022-04-29,2022-17,1573.18
2022-05-06,2022-18,1551.74
2022-05-13,2022-19,1544.04
2022-05-20,2022-20,1556.37
2022-05-27,2022-21,1561.13
2022-06-03,2022-22,1559.09
2022-06-10,2022-23,1562.25
2022-06-17,2022-24,1567.17
2022-06-24,2022-25,1579.06
2022-07-01,2022-26,1561.7
2022-07-08,2022-27,1598.15
2022-07-15,2022-28,1583.86
2022-07-22,2022-29,1581.89
2022-07-29,2022-30,1603.53
2022-08-05,2022-31,1597.7
2022-08-12,2022-32,1606.56
2022-08-19,2022-33,1617.09
2022-08-26,2022-34,1615.85
2022-09-02,2022-35,1599.97
2022-09-09,2022-36,1612.71
2022-09-16,2022-37,1637.03
2022-09-23,2022-38,1642.27
2022-09-30,2022-39,1650.68
2022-10-07,2022-40,1654.26
2022-10-14,2022-41,1664.38
2022-10-21,2022-42,1684.17
2022-10-28,2022-43,1692.57
2022-11-04,2022-44,1686.28
2022-11-11,2022-45,1702.19
2022-11-18,2022-46,1705.96
2022-11-25,2022-47,1700.36
2022-12-02,2022-48,1694.98
2022-12-09,2022-49,1701.32
2022-12-16,2022-50,1729.17
2022-12-23,2022-51,1741.89
2022-12-30,2022-52,1768.23
2023-01-06,2023-1,1723.96
2023-01-13,2023-2,1745.83
2023-01-20,2023-3,1768.37
2023-01-27,2023-4,1781.09
2023-02-03,2023-5,1782.39
2023-02-10,2023-6,1800.7
2023-02-17,2023-7,1832.31
2023-02-24,2023-8,1829.69
2023-03-03,2023-9,1836.93
2023-03-10,2023-10,1852.72
2023-03-17,2023-11,1899.84
2023-03-24,2023-12,1927.44
2023-03-31,2023-13,1925.74
2023-04-07,2023-14,1957.02
2023-04-14,2023-15,2015.71
2023-04-21,2023-16,2030.14
2023-04-28,2023-17,2017.41
2023-05-05,2023-18,1998.69
2023-05-12,2023-19,1978.65
2023-05-19,2023-20,1971.94
2023-05-26,2023-21,1915.62
2023-06-02,2023-22,1884.07
2023-06-09,2023-23,1883.49
2023-06-16,2023-24,1937.86
2023-06-23,2023-25,1961.9
2023-06-30,2023-26,1928.56
2023-07-07,2023-27,1898.8
2023-07-14,2023-28,1923.65
2023-07-21,2023-29,1952.44
2023-07-28,2023-30,1968.22
2023-08-04,2023-31,1951.71
2023-08-11,2023-32,1967.06
2023-08-18,2023-33,1990.65
2023-08-25,2023-34,2038.85
2023-09-01,2023-35,2036.89
2023-09-08,2023-36,2019.69
2023-09-15,2023-37,2049.62
2023-09-22,2023-38,2043.76
2023-09-29,2023-39,2009.64
2023-10-06,2023-40,1964.22
2023-10-13,2023-41,1979.97
2023-10-20,2023-42,2010.13
2023-10-27,2023-43,2008.92
2023-11-03,2023-44,1983.92
2023-11-10,2023-45,1983.57
2023-11-17,2023-46,1997.33
2023-11-24,2023-47,1993.25
2023-12-01,2023-48,1985.57
2023-12-08,2023-49,1956.42
2023-12-15,2023-50,1983.87
2023-12-22,2023-51,1999.3
2023-12-29,2023-52,2014.4
2024-01-05,2024-1,1939.03
2024-01-12,2024-2,1948.99
2024-01-19,2024-3,1995.23
2024-01-26,2024-4,2018.54
2024-02-02,2024-5,2008.6
2024-02-09,2024-6,2013.91
2024-02-16,2024-7,2055.3
2024-02-23,2024-8,2075.27
2024-03-01,2024-9,2089.01
2024-03-08,2024-10,2111.61
2024-03-15,2024-11,2166.19
2024-03-22,2024-12,2195.39
2024-03-29,2024-13,2206.15
2024-04-05,2024-14,2198.26
2024-04-12,2024-15,2178.03
2024-04-19,2024-16,2206.68
2024-04-26,2024-17,2174.43
2024-05-03,2024-18,2137.53
2024-05-10,2024-19,2104.99
2024-05-17,2024-20,2146.26
2024-05-24,2024-21,2164.85
2024-05-31,2024-22,2155.49
2024-06-07,2024-23,2116.76
2024-06-14,2024-24,2180.94
2024-06-21,2024-25,2184.8
2024-06-28,2024-26,2194.747394
2024-07-05,2024-27,2104.504075
2024-07-12,2024-28,2120.153271
2024-07-19,2024-29,2171.805335
2024-07-26,2024-30,2174.946094
2024-08-02,2024-31,2178.519093
2024-08-09,2024-32,2180.946871
2024-08-16,2024-33,2225.583142
2024-08-23,2024-34,2270.318609
2024-08-30,2024-35,2272.924057
2024-09-06,2024-36,2245.129007
2024-09-13,2024-37,2226.580736
2024-09-20,2024-38,2273.661034
2024-09-27,2024-39,2276.690789
2024-10-04,2024-40,2241.082568
2024-10-11,2024-41,2228.171379
2024-10-18,2024-42,2279.542688
2024-10-25,2024-43,2272.407319
2024-11-01,2024-44,2275.986773
2024-11-08,2024-45,2250.339593
2024-11-15,2024-46,2323.570564
2024-11-22,2024-47,2285.630749
2024-11-29,2024-48,2285.981987
2024-12-06,2024-49,2251.91204
2024-12-13,2024-50,2262.372374
2024-12-20,2024-51,2309.083416
2024-12-27,2024-52,2311.723897
2025-01-03,2025-1,2266.969724
2025-01-10,2025-2,2240.489523
2025-01-17,2025-3,2294.026509
2025-01-24,2025-4,2313.056685
2025-01-31,2025-5,2315.93976
2025-02-07,2025-6,2297.322158
2025-02-14,2025-7,2316.380864
2025-02-21,2025-8,2368.019059
2025-02-28,2025-9,2394.873347
2025-03-07,2025-10,2340.192723
2025-03-14,2025-11,2362.800916
2025-03-21,2025-12,2458.732043
2025-03-28,2025-13,2505.920405
2025-04-04,2025-14,2439.781253
2025-04-11,2025-15,2429.393857
2025-04-18,2025-16,2463.394172
2025-04-25,2025-17,2474.650156
2025-05-02,2025-18,2481.638412
2025-05-09,2025-19,2438.789522
2025-05-16,2025-20,2478.400827
2025-05-23,2025-21,2487.242931
2025-05-30,2025-22,2505.643089
2025-06-06,2025-23,2487.784809
2025-06-13,2025-24,2480.177344
2025-06-20,2025-25,2495.167728
2025-06-27,2025-26,2512.351741
2025-07-04,2025-27,2452.832429
2025-07-11,2025-28,2449.84
2025-07-18,2025-29,2542.853075
2025-07-25,2025-30,2538.725497
2025-08-01,2025-31,2546.536595
2025-08-08,2025-32,2527.171017
2025-08-15,2025-33,2576.232478
2025-08-22,2025-34,2586.014522
2025-08-29,2025-35,2582.097367
2025-09-05,2025-36,2552.899031
2025-09-12,2025-37,2568.743297
2025-09-19,2025-38,2615.668311
2025-09-26,2025-39,2622.604141
2025-10-03,2025-40,2603.33438
2025-10-10,2025-41,2592.515767
